INSERT INTO university (name) VALUES ('Universidad de Sevilla');
INSERT INTO university (name) VALUES ('Universidad de Granada');
INSERT INTO university (name) VALUES ('Universidad de Córdoba');
INSERT INTO university (name) VALUES ('Universidad de Málaga');
INSERT INTO university (name) VALUES ('Universidad de Cádiz');
INSERT INTO university (name) VALUES ('Universidad de Almería');
INSERT INTO university (name) VALUES ('Universidad de Huelva');
INSERT INTO university (name) VALUES ('Universidad de Jaén');
INSERT INTO university (name) VALUES ('Universidad Internacional de Andalucía');
INSERT INTO university (name) VALUES ('Universidad Pablo de Olavide');
INSERT INTO university (name) VALUES ('Universidad Loyola Andalucía');
INSERT INTO university (name) VALUES ('Universidad de Zaragoza');
INSERT INTO university (name) VALUES ('Universidad San Jorge');
INSERT INTO university (name) VALUES ('Universidad de Oviedo');
INSERT INTO university (name) VALUES ('Universidad de las Islas Baleares');
INSERT INTO university (name) VALUES ('Universidad de La Laguna');
INSERT INTO university (name) VALUES ('Universidad de Las Palmas de Gran Canaria');
INSERT INTO university (name) VALUES ('Universidad Europea de Canarias');
INSERT INTO university (name) VALUES ('Universidad Fernando Pessoa-Canarias');
INSERT INTO university (name) VALUES ('Universidad de Cantabria');
INSERT INTO university (name) VALUES ('Universidad Europea del Atlántico');
INSERT INTO university (name) VALUES ('Universidad de Castilla-La Mancha');
INSERT INTO university (name) VALUES ('Universidad de Salamanca');
INSERT INTO university (name) VALUES ('Universidad de Valladolid');
INSERT INTO university (name) VALUES ('Universidad Pontificia de Salamanca');
INSERT INTO university (name) VALUES ('Universidad de León');
INSERT INTO university (name) VALUES ('Universidad de Burgos');
INSERT INTO university (name) VALUES ('Universidad Católica Santa Teresa de Jesús de Ávila');
INSERT INTO university (name) VALUES ('Universidad Europea Miguel de Cervantes');
INSERT INTO university (name) VALUES ('Universidad IE');
INSERT INTO university (name) VALUES ('Universidad Internacional Isabel I de Castilla');
INSERT INTO university (name) VALUES ('Universidad de Barcelona');
INSERT INTO university (name) VALUES ('Universidad Autónoma de Barcelona');
INSERT INTO university (name) VALUES ('Universidad Politécnica de Cataluña');
INSERT INTO university (name) VALUES ('Universidad Pompeu Fabra');
INSERT INTO university (name) VALUES ('Universidad Ramon Llull');
INSERT INTO university (name) VALUES ('Universidad de Gerona');
INSERT INTO university (name) VALUES ('Universidad de Lérida');
INSERT INTO university (name) VALUES ('Universidad Rovira i Virgili');
INSERT INTO university (name) VALUES ('Universidad Oberta de Cataluña');
INSERT INTO university (name) VALUES ('Universidad Internacional de Cataluña');
INSERT INTO university (name) VALUES ('Universidad de Vich');
INSERT INTO university (name) VALUES ('Universidad Abad Oliva CEU');
INSERT INTO university (name) VALUES ('Universidad de Valencia');
INSERT INTO university (name) VALUES ('Universidad Politécnica de Valencia');
INSERT INTO university (name) VALUES ('Universidad de Alicante');
INSERT INTO university (name) VALUES ('Universidad Jaime I');
INSERT INTO university (name) VALUES ('Universidad Miguel Hernández de Elche');
INSERT INTO university (name) VALUES ('Universidad CEU Cardenal Herrera');
INSERT INTO university (name) VALUES ('Universidad Católica de Valencia San Vicente Mártir');
INSERT INTO university (name) VALUES ('Universidad Internacional de Valencia');
INSERT INTO university (name) VALUES ('Universidad Europea de Valencia');
INSERT INTO university (name) VALUES ('Universidad de Extremadura');
INSERT INTO university (name) VALUES ('Universidad de Santiago de Compostela');
INSERT INTO university (name) VALUES ('Universidad de La Coruña');
INSERT INTO university (name) VALUES ('Universidad de Vigo');
INSERT INTO university (name) VALUES ('Universidad de La Rioja');
INSERT INTO university (name) VALUES ('Universidad Internacional de La Rioja');
INSERT INTO university (name) VALUES ('Universidad Complutense de Madrid');
INSERT INTO university (name) VALUES ('Universidad Pontificia Comillas');
INSERT INTO university (name) VALUES ('Universidad Internacional Menéndez Pelayo');
INSERT INTO university (name) VALUES ('Universidad Autónoma de Madrid');
INSERT INTO university (name) VALUES ('Universidad Politécnica de Madrid');
INSERT INTO university (name) VALUES ('Universidad Nacional de Educación a Distancia');
INSERT INTO university (name) VALUES ('Universidad de Alcalá');
INSERT INTO university (name) VALUES ('Universidad Carlos III de Madrid');
INSERT INTO university (name) VALUES ('Universidad Alfonso X el Sabio');
INSERT INTO university (name) VALUES ('Universidad CEU San Pablo');
INSERT INTO university (name) VALUES ('Universidad Francisco de Vitoria');
INSERT INTO university (name) VALUES ('Universidad Antonio de Nebrija');
INSERT INTO university (name) VALUES ('Universidad Europea de Madrid');
INSERT INTO university (name) VALUES ('Universidad Rey Juan Carlos');
INSERT INTO university (name) VALUES ('Universidad Camilo José Cela');
INSERT INTO university (name) VALUES ('Universidad a Distancia de Madrid');
INSERT INTO university (name) VALUES ('Universidad Eclesiástica San Dámaso');
INSERT INTO university (name) VALUES ('Saint Louis University Madrid Campus');
INSERT INTO university (name) VALUES ('ESIC Universidad');
INSERT INTO university (name) VALUES ('Universidad Internacional Villanueva');
INSERT INTO university (name) VALUES ('CUNEF Universidad');
INSERT INTO university (name) VALUES ('Universidad de Murcia');
INSERT INTO university (name) VALUES ('Universidad Católica San Antonio');
INSERT INTO university (name) VALUES ('Universidad Politécnica de Cartagena');
INSERT INTO university (name) VALUES ('Universidad de Navarra');
INSERT INTO university (name) VALUES ('Universidad Pública de Navarra');
INSERT INTO university (name) VALUES ('Universidad de Deusto');
INSERT INTO university (name) VALUES ('Universidad del País Vasco');
INSERT INTO university (name) VALUES ('Universidad de Mondragón');



INSERT INTO address (street, city, zipcode, province, country) VALUES ('Calle Pere Moreto 3', 'Cambrils', '43850', 'TARRAGONA', 'España');
INSERT INTO address (street, city, zipcode, province, country) VALUES ('Avenida Barcelona 21', 'Salou', '43840', 'TARRAGONA', 'España');
INSERT INTO address (street, city, zipcode, province, country) VALUES ('Calle Alosa 22', 'Tarragona', '43007', 'TARRAGONA', 'España');
INSERT INTO address (street, city, zipcode, province, country) VALUES ('Calle Altafulla 22', 'Tarragona', '43006', 'TARRAGONA', 'España');
INSERT INTO address (street, city, zipcode, province, country) VALUES ('Calle Alfred Opisso 22', 'Tarragona', '43002', 'TARRAGONA', 'España');
INSERT INTO address (street, city, zipcode, province, country) VALUES ('Calle Adriatic 22', 'Reus', '43205', 'TARRAGONA', 'España');
INSERT INTO address (street, city, zipcode, province, country) VALUES ('Calle Aguila 1', 'Reus', '43205', 'TARRAGONA', 'España');
INSERT INTO address (street, city, zipcode, province, country) VALUES ('Calle Corona 1', 'Reus', '43206', 'TARRAGONA', 'España');
INSERT INTO address (street, city, zipcode, province, country) VALUES ('Calle Virus 1', 'Cambrils', '43206', 'TARRAGONA', 'España');



INSERT INTO area (name) VALUES ('Restauración');
INSERT INTO area (name) VALUES ('Animación');
INSERT INTO area (name) VALUES ('Música');
INSERT INTO area (name) VALUES ('Danza');
INSERT INTO area (name) VALUES ('Eseñanza');
INSERT INTO area (name) VALUES ('Idioma');
INSERT INTO area (name) VALUES ('Cuidado de niños/mayores');
INSERT INTO area (name) VALUES ('Fontanería');
INSERT INTO area (name) VALUES ('Estética y cosmética');
INSERT INTO area (name) VALUES ('Electricidad');
INSERT INTO area (name) VALUES ('Consumo y alimentación');
INSERT INTO area (name) VALUES ('Confección');
INSERT INTO area (name) VALUES ('Carpintería');
INSERT INTO area (name) VALUES ('Automoción');
INSERT INTO area (name) VALUES ('Artesanía');
INSERT INTO area (name) VALUES ('Artes plásticas');
INSERT INTO area (name) VALUES ('Artes interpretativas');
INSERT INTO area (name) VALUES ('Agricultura y Jardinería');



INSERT INTO job_position (name) VALUES ('Camarero');
INSERT INTO job_position (name) VALUES ('Cocinero');
INSERT INTO job_position (name) VALUES ('Profesor de baile');
INSERT INTO job_position (name) VALUES ('Profesor de mates');
INSERT INTO job_position (name) VALUES ('Profesor de idioma');
INSERT INTO job_position (name) VALUES ('Conductor');
INSERT INTO job_position (name) VALUES ('Programador');
INSERT INTO job_position (name) VALUES ('Profesor de deportes');
INSERT INTO job_position (name) VALUES ('Electricista');


INSERT INTO photo (id, content, name, type) VALUES ('4a7be6ee-1702-473f-b2ea-7c736833dd26', 86369, 'male.png', 'text/html');


INSERT INTO users (username, password, email, name, surname, phone, rol, address_id, description, photo_id) VALUES ('test_employer1', '$2a$10$H3nNyVgMEgrPsdMcBFCZrO0T8VbWjpOxBKSnkSCThAeSVNQ8Blr36', 'broganzquinto@gmail.com', 'Chiringuito de Verano', NULL, '6000745578', 'ROLE_EMPLOYER', 8, '86370', NULL);
INSERT INTO users (username, password, email, name, surname, phone, rol, address_id, description, photo_id) VALUES ('test_employer2', '$2a$10$CgNeA6wl.f6PXoWa52ezjejdPXufIxyCiMJzW2kPvMS9gmaFY4ItO', 'broganzquinto@gmail.com', 'Jun', 'Alvarez', '6000745578', 'ROLE_EMPLOYER', 9, '86371', NULL);
INSERT INTO users (username, password, email, name, surname, phone, rol, address_id, description, photo_id) VALUES ('test_student1', '$2a$10$626/8RJZrplvHGdx4W/Q3uVOq7EwcGsBvvgDTLtXnONM.PLxnXcCO', 'test_student1@gmail.com', 'Isagani', 'Quinto', '6555343321', 'ROLE_STUDENT', 1, '86372', '4a7be6ee-1702-473f-b2ea-7c736833dd26');
INSERT INTO users (username, password, email, name, surname, phone, rol, address_id, description, photo_id) VALUES ('test_student2', '$2a$10$CyJg4abf2TbWogGt6HT1our5bguDQWrN8clYSLgeOiffM7qE.9mUa', 'test_student2@gmail.com', 'Maria', 'Diana', '6555343331', 'ROLE_STUDENT', 2, '86374', NULL);
INSERT INTO users (username, password, email, name, surname, phone, rol, address_id, description, photo_id) VALUES ('test_student3', '$2a$10$rb73VF625Y5t3Sg4Dt.UYO6r6ono7fH5E8edeek8GvcV56My8qkkq', 'test_student3@gmail.com', 'Angelica', 'Laza', '6022345562', 'ROLE_STUDENT', 3, '86375', NULL);
INSERT INTO users (username, password, email, name, surname, phone, rol, address_id, description, photo_id) VALUES ('test_student4', '$2a$10$tZrzfyQ1NAsMx7qMHby4/O8.k/ypqrdlLveb7M8IGsVZRvL0r2rya', 'test_student4@gmail.com', 'Angelica', 'Laza', '6022345564', 'ROLE_STUDENT', 4, '86376', NULL);
INSERT INTO users (username, password, email, name, surname, phone, rol, address_id, description, photo_id) VALUES ('test_student5', '$2a$10$wswBk2g5tSXA8wvGlkammuThh/oAur45O0XtrevvFwtXgOahvSLRi', 'test_student5@gmail.com', 'Kelly', 'Ramirez', '6022345564', 'ROLE_STUDENT', 5, '86377', NULL);
INSERT INTO users (username, password, email, name, surname, phone, rol, address_id, description, photo_id) VALUES ('test_student6', '$2a$10$.X9Oij5BcfeLgf8MThJgJ.ZqhAThOHSX9hAYDpKbi.evQT1RRh0Jq', 'test_student6@gmail.com', 'Manuel', 'Victoria', '6022345214', 'ROLE_STUDENT', 6, '86378', NULL);
INSERT INTO users (username, password, email, name, surname, phone, rol, address_id, description, photo_id) VALUES ('test_student7', '$2a$10$m32EZfDgxNeRO4pUSYBygeEpQEAEBShL3BW.ib8Um4NhP7y7FalWm', 'test_student7@gmail.com', 'Susi', 'Mandela', '6022321214', 'ROLE_STUDENT', 6, '86379', NULL);


INSERT INTO employer (id, is_company, website, area_id) VALUES (2, true, 'www.jacoco.com', NULL);
INSERT INTO employer (id, is_company, website, area_id) VALUES (1, true, 'www.lormipsum.com', 3);



INSERT INTO student (id, birthday, has_car, sex, student_id, university_id) VALUES (3, '2000-01-08', false, 'Male', '245678954', 1);
INSERT INTO student (id, birthday, has_car, sex, student_id, university_id) VALUES (4, '2000-12-07', false, 'Female', '2456781576', 2);
INSERT INTO student (id, birthday, has_car, sex, student_id, university_id) VALUES (5, '2000-12-12', false, 'Female', '2456781576', 3);
INSERT INTO student (id, birthday, has_car, sex, student_id, university_id) VALUES (6, '2000-03-02', false, 'Female', '2456781576', 4);
INSERT INTO student (id, birthday, has_car, sex, student_id, university_id) VALUES (7, '2000-05-04', false, 'Female', '2456782376', 5);
INSERT INTO student (id, birthday, has_car, sex, student_id, university_id) VALUES (8, '2000-03-04', false, 'Female', '2456782236', 6);
INSERT INTO student (id, birthday, has_car, sex, student_id, university_id) VALUES (9, '2000-02-11', false, 'Female', '2456723236', 7);





INSERT INTO student_job_position (student_id, job_position_id) VALUES (3, 1);
INSERT INTO student_job_position (student_id, job_position_id) VALUES (3, 2);
INSERT INTO student_job_position (student_id, job_position_id) VALUES (3, 3);
INSERT INTO student_job_position (student_id, job_position_id) VALUES (4, 7);
INSERT INTO student_job_position (student_id, job_position_id) VALUES (4, 5);
INSERT INTO student_job_position (student_id, job_position_id) VALUES (4, 6);
INSERT INTO student_job_position (student_id, job_position_id) VALUES (5, 8);
INSERT INTO student_job_position (student_id, job_position_id) VALUES (5, 4);
INSERT INTO student_job_position (student_id, job_position_id) VALUES (5, 9);
INSERT INTO student_job_position (student_id, job_position_id) VALUES (6, 1);
INSERT INTO student_job_position (student_id, job_position_id) VALUES (6, 2);
INSERT INTO student_job_position (student_id, job_position_id) VALUES (6, 3);
INSERT INTO student_job_position (student_id, job_position_id) VALUES (7, 7);
INSERT INTO student_job_position (student_id, job_position_id) VALUES (7, 5);
INSERT INTO student_job_position (student_id, job_position_id) VALUES (7, 6);
INSERT INTO student_job_position (student_id, job_position_id) VALUES (8, 8);
INSERT INTO student_job_position (student_id, job_position_id) VALUES (8, 4);
INSERT INTO student_job_position (student_id, job_position_id) VALUES (8, 9);
INSERT INTO student_job_position (student_id, job_position_id) VALUES (9, 7);
INSERT INTO student_job_position (student_id, job_position_id) VALUES (9, 5);
INSERT INTO student_job_position (student_id, job_position_id) VALUES (9, 6);





INSERT INTO slot (day, end_time, start_time, time_equivalent) VALUES ('LUNES', 9.59, 9, 1);
INSERT INTO slot (day, end_time, start_time, time_equivalent) VALUES ('LUNES', 10.59, 10, 1);
INSERT INTO slot (day, end_time, start_time, time_equivalent) VALUES ('LUNES', 11.59, 11, 1);
INSERT INTO slot (day, end_time, start_time, time_equivalent) VALUES ('LUNES', 12.59, 12, 1);
INSERT INTO slot (day, end_time, start_time, time_equivalent) VALUES ('LUNES', 13.59, 13, 1);
INSERT INTO slot (day, end_time, start_time, time_equivalent) VALUES ('LUNES', 14.59, 14, 1);
INSERT INTO slot (day, end_time, start_time, time_equivalent) VALUES ('LUNES', 15.59, 15, 1);
INSERT INTO slot (day, end_time, start_time, time_equivalent) VALUES ('LUNES', 16.59, 16, 1);
INSERT INTO slot (day, end_time, start_time, time_equivalent) VALUES ('LUNES', 17.59, 17, 1);
INSERT INTO slot (day, end_time, start_time, time_equivalent) VALUES ('LUNES', 18.59, 18, 1);
INSERT INTO slot (day, end_time, start_time, time_equivalent) VALUES ('LUNES', 19.59, 19, 1);
INSERT INTO slot (day, end_time, start_time, time_equivalent) VALUES ('LUNES', 20.59, 20, 1);
INSERT INTO slot (day, end_time, start_time, time_equivalent) VALUES ('LUNES', 21.59, 21, 1);
INSERT INTO slot (day, end_time, start_time, time_equivalent) VALUES ('LUNES', 22.59, 22, 1);
INSERT INTO slot (day, end_time, start_time, time_equivalent) VALUES ('LUNES', 24, 23, 1);
INSERT INTO slot (day, end_time, start_time, time_equivalent) VALUES ('MARTES', 9.59, 9, 1);
INSERT INTO slot (day, end_time, start_time, time_equivalent) VALUES ('MARTES', 10.59, 10, 1);
INSERT INTO slot (day, end_time, start_time, time_equivalent) VALUES ('MARTES', 11.59, 11, 1);
INSERT INTO slot (day, end_time, start_time, time_equivalent) VALUES ('MARTES', 12.59, 12, 1);
INSERT INTO slot (day, end_time, start_time, time_equivalent) VALUES ('MARTES', 13.59, 13, 1);
INSERT INTO slot (day, end_time, start_time, time_equivalent) VALUES ('MARTES', 14.59, 14, 1);
INSERT INTO slot (day, end_time, start_time, time_equivalent) VALUES ('MARTES', 15.59, 15, 1);
INSERT INTO slot (day, end_time, start_time, time_equivalent) VALUES ('MARTES', 16.59, 16, 1);
INSERT INTO slot (day, end_time, start_time, time_equivalent) VALUES ('MARTES', 17.59, 17, 1);
INSERT INTO slot (day, end_time, start_time, time_equivalent) VALUES ('MARTES', 18.59, 18, 1);
INSERT INTO slot (day, end_time, start_time, time_equivalent) VALUES ('MARTES', 19.59, 19, 1);
INSERT INTO slot (day, end_time, start_time, time_equivalent) VALUES ('MARTES', 20.59, 20, 1);
INSERT INTO slot (day, end_time, start_time, time_equivalent) VALUES ('MARTES', 21.59, 21, 1);
INSERT INTO slot (day, end_time, start_time, time_equivalent) VALUES ('MARTES', 22.59, 22, 1);
INSERT INTO slot (day, end_time, start_time, time_equivalent) VALUES ('MARTES', 24, 23, 1);
INSERT INTO slot (day, end_time, start_time, time_equivalent) VALUES ('MIERCOLES', 9.59, 9, 1);
INSERT INTO slot (day, end_time, start_time, time_equivalent) VALUES ('MIERCOLES', 10.59, 10, 1);
INSERT INTO slot (day, end_time, start_time, time_equivalent) VALUES ('MIERCOLES', 11.59, 11, 1);
INSERT INTO slot (day, end_time, start_time, time_equivalent) VALUES ('MIERCOLES', 12.59, 12, 1);
INSERT INTO slot (day, end_time, start_time, time_equivalent) VALUES ('MIERCOLES', 13.59, 13, 1);
INSERT INTO slot (day, end_time, start_time, time_equivalent) VALUES ('MIERCOLES', 14.59, 14, 1);
INSERT INTO slot (day, end_time, start_time, time_equivalent) VALUES ('MIERCOLES', 15.59, 15, 1);
INSERT INTO slot (day, end_time, start_time, time_equivalent) VALUES ('MIERCOLES', 16.59, 16, 1);
INSERT INTO slot (day, end_time, start_time, time_equivalent) VALUES ('MIERCOLES', 17.59, 17, 1);
INSERT INTO slot (day, end_time, start_time, time_equivalent) VALUES ('MIERCOLES', 18.59, 18, 1);
INSERT INTO slot (day, end_time, start_time, time_equivalent) VALUES ('MIERCOLES', 19.59, 19, 1);
INSERT INTO slot (day, end_time, start_time, time_equivalent) VALUES ('MIERCOLES', 20.59, 20, 1);
INSERT INTO slot (day, end_time, start_time, time_equivalent) VALUES ('MIERCOLES', 21.59, 21, 1);
INSERT INTO slot (day, end_time, start_time, time_equivalent) VALUES ('MIERCOLES', 22.59, 22, 1);
INSERT INTO slot (day, end_time, start_time, time_equivalent) VALUES ('MIERCOLES', 24, 23, 1);
INSERT INTO slot (day, end_time, start_time, time_equivalent) VALUES ('JUEVES', 9.59, 9, 1);
INSERT INTO slot (day, end_time, start_time, time_equivalent) VALUES ('JUEVES', 10.59, 10, 1);
INSERT INTO slot (day, end_time, start_time, time_equivalent) VALUES ('JUEVES', 11.59, 11, 1);
INSERT INTO slot (day, end_time, start_time, time_equivalent) VALUES ('JUEVES', 12.59, 12, 1);
INSERT INTO slot (day, end_time, start_time, time_equivalent) VALUES ('JUEVES', 13.59, 13, 1);
INSERT INTO slot (day, end_time, start_time, time_equivalent) VALUES ('JUEVES', 14.59, 14, 1);
INSERT INTO slot (day, end_time, start_time, time_equivalent) VALUES ('JUEVES', 15.59, 15, 1);
INSERT INTO slot (day, end_time, start_time, time_equivalent) VALUES ('JUEVES', 16.59, 16, 1);
INSERT INTO slot (day, end_time, start_time, time_equivalent) VALUES ('JUEVES', 17.59, 17, 1);
INSERT INTO slot (day, end_time, start_time, time_equivalent) VALUES ('JUEVES', 18.59, 18, 1);
INSERT INTO slot (day, end_time, start_time, time_equivalent) VALUES ('JUEVES', 19.59, 19, 1);
INSERT INTO slot (day, end_time, start_time, time_equivalent) VALUES ('JUEVES', 20.59, 20, 1);
INSERT INTO slot (day, end_time, start_time, time_equivalent) VALUES ('JUEVES', 21.59, 21, 1);
INSERT INTO slot (day, end_time, start_time, time_equivalent) VALUES ('JUEVES', 22.59, 22, 1);
INSERT INTO slot (day, end_time, start_time, time_equivalent) VALUES ('JUEVES', 24, 23, 1);
INSERT INTO slot (day, end_time, start_time, time_equivalent) VALUES ('VIERNES', 9.59, 9, 1);
INSERT INTO slot (day, end_time, start_time, time_equivalent) VALUES ('VIERNES', 10.59, 10, 1);
INSERT INTO slot (day, end_time, start_time, time_equivalent) VALUES ('VIERNES', 11.59, 11, 1);
INSERT INTO slot (day, end_time, start_time, time_equivalent) VALUES ('VIERNES', 12.59, 12, 1);
INSERT INTO slot (day, end_time, start_time, time_equivalent) VALUES ('VIERNES', 13.59, 13, 1);
INSERT INTO slot (day, end_time, start_time, time_equivalent) VALUES ('VIERNES', 14.59, 14, 1);
INSERT INTO slot (day, end_time, start_time, time_equivalent) VALUES ('VIERNES', 15.59, 15, 1);
INSERT INTO slot (day, end_time, start_time, time_equivalent) VALUES ('VIERNES', 16.59, 16, 1);
INSERT INTO slot (day, end_time, start_time, time_equivalent) VALUES ('VIERNES', 17.59, 17, 1);
INSERT INTO slot (day, end_time, start_time, time_equivalent) VALUES ('VIERNES', 18.59, 18, 1);
INSERT INTO slot (day, end_time, start_time, time_equivalent) VALUES ('VIERNES', 19.59, 19, 1);
INSERT INTO slot (day, end_time, start_time, time_equivalent) VALUES ('VIERNES', 20.59, 20, 1);
INSERT INTO slot (day, end_time, start_time, time_equivalent) VALUES ('VIERNES', 21.59, 21, 1);
INSERT INTO slot (day, end_time, start_time, time_equivalent) VALUES ('VIERNES', 22.59, 22, 1);
INSERT INTO slot (day, end_time, start_time, time_equivalent) VALUES ('VIERNES', 24, 23, 1);
INSERT INTO slot (day, end_time, start_time, time_equivalent) VALUES ('SABADO', 9.59, 9, 1);
INSERT INTO slot (day, end_time, start_time, time_equivalent) VALUES ('SABADO', 10.59, 10, 1);
INSERT INTO slot (day, end_time, start_time, time_equivalent) VALUES ('SABADO', 11.59, 11, 1);
INSERT INTO slot (day, end_time, start_time, time_equivalent) VALUES ('SABADO', 12.59, 12, 1);
INSERT INTO slot (day, end_time, start_time, time_equivalent) VALUES ('SABADO', 13.59, 13, 1);
INSERT INTO slot (day, end_time, start_time, time_equivalent) VALUES ('SABADO', 14.59, 14, 1);
INSERT INTO slot (day, end_time, start_time, time_equivalent) VALUES ('SABADO', 15.59, 15, 1);
INSERT INTO slot (day, end_time, start_time, time_equivalent) VALUES ('SABADO', 16.59, 16, 1);
INSERT INTO slot (day, end_time, start_time, time_equivalent) VALUES ('SABADO', 17.59, 17, 1);
INSERT INTO slot (day, end_time, start_time, time_equivalent) VALUES ('SABADO', 18.59, 18, 1);
INSERT INTO slot (day, end_time, start_time, time_equivalent) VALUES ('SABADO', 19.59, 19, 1);
INSERT INTO slot (day, end_time, start_time, time_equivalent) VALUES ('SABADO', 20.59, 20, 1);
INSERT INTO slot (day, end_time, start_time, time_equivalent) VALUES ('SABADO', 21.59, 21, 1);
INSERT INTO slot (day, end_time, start_time, time_equivalent) VALUES ('SABADO', 22.59, 22, 1);
INSERT INTO slot (day, end_time, start_time, time_equivalent) VALUES ('SABADO', 24, 23, 1);
INSERT INTO slot (day, end_time, start_time, time_equivalent) VALUES ('DOMINGO', 9.59, 9, 1);
INSERT INTO slot (day, end_time, start_time, time_equivalent) VALUES ('DOMINGO', 10.59, 10, 1);
INSERT INTO slot (day, end_time, start_time, time_equivalent) VALUES ('DOMINGO', 11.59, 11, 1);
INSERT INTO slot (day, end_time, start_time, time_equivalent) VALUES ('DOMINGO', 12.59, 12, 1);
INSERT INTO slot (day, end_time, start_time, time_equivalent) VALUES ('DOMINGO', 13.59, 13, 1);
INSERT INTO slot (day, end_time, start_time, time_equivalent) VALUES ('DOMINGO', 14.59, 14, 1);
INSERT INTO slot (day, end_time, start_time, time_equivalent) VALUES ('DOMINGO', 15.59, 15, 1);
INSERT INTO slot (day, end_time, start_time, time_equivalent) VALUES ('DOMINGO', 16.59, 16, 1);
INSERT INTO slot (day, end_time, start_time, time_equivalent) VALUES ('DOMINGO', 17.59, 17, 1);
INSERT INTO slot (day, end_time, start_time, time_equivalent) VALUES ('DOMINGO', 18.59, 18, 1);
INSERT INTO slot (day, end_time, start_time, time_equivalent) VALUES ('DOMINGO', 19.59, 19, 1);
INSERT INTO slot (day, end_time, start_time, time_equivalent) VALUES ('DOMINGO', 20.59, 20, 1);
INSERT INTO slot (day, end_time, start_time, time_equivalent) VALUES ('DOMINGO', 21.59, 21, 1);
INSERT INTO slot (day, end_time, start_time, time_equivalent) VALUES ('DOMINGO', 22.59, 22, 1);
INSERT INTO slot (day, end_time, start_time, time_equivalent) VALUES ('DOMINGO', 24, 23, 1);



INSERT INTO schedule (reserve, slot_id, student_id) VALUES (false, 2, 3);
INSERT INTO schedule (reserve, slot_id, student_id) VALUES (false, 17, 4);
INSERT INTO schedule (reserve, slot_id, student_id) VALUES (false, 33, 5);
INSERT INTO schedule (reserve, slot_id, student_id) VALUES (false, 49, 6);
INSERT INTO schedule (reserve, slot_id, student_id) VALUES (false, 65, 7);
INSERT INTO schedule (reserve, slot_id, student_id) VALUES (false, 81, 8);
INSERT INTO schedule (reserve, slot_id, student_id) VALUES (false, 97, 9);
INSERT INTO schedule (reserve, slot_id, student_id) VALUES (false, 76, 3);
INSERT INTO schedule (reserve, slot_id, student_id) VALUES (false, 76, 4);
INSERT INTO schedule (reserve, slot_id, student_id) VALUES (false, 76, 5);
INSERT INTO schedule (reserve, slot_id, student_id) VALUES (false, 76, 6);
INSERT INTO schedule (reserve, slot_id, student_id) VALUES (false, 76, 7);
INSERT INTO schedule (reserve, slot_id, student_id) VALUES (false, 76, 8);
INSERT INTO schedule (reserve, slot_id, student_id) VALUES (false, 76, 9);
INSERT INTO schedule (reserve, slot_id, student_id) VALUES (false, 77, 3);
INSERT INTO schedule (reserve, slot_id, student_id) VALUES (false, 77, 4);
INSERT INTO schedule (reserve, slot_id, student_id) VALUES (false, 77, 5);
INSERT INTO schedule (reserve, slot_id, student_id) VALUES (false, 77, 6);
INSERT INTO schedule (reserve, slot_id, student_id) VALUES (false, 77, 7);
INSERT INTO schedule (reserve, slot_id, student_id) VALUES (false, 77, 8);
INSERT INTO schedule (reserve, slot_id, student_id) VALUES (false, 77, 9);
INSERT INTO schedule (reserve, slot_id, student_id) VALUES (false, 78, 3);
INSERT INTO schedule (reserve, slot_id, student_id) VALUES (false, 78, 4);
INSERT INTO schedule (reserve, slot_id, student_id) VALUES (false, 78, 5);
INSERT INTO schedule (reserve, slot_id, student_id) VALUES (false, 78, 6);
INSERT INTO schedule (reserve, slot_id, student_id) VALUES (false, 78, 7);
INSERT INTO schedule (reserve, slot_id, student_id) VALUES (false, 78, 8);
INSERT INTO schedule (reserve, slot_id, student_id) VALUES (false, 78, 9);
INSERT INTO schedule (reserve, slot_id, student_id) VALUES (false, 79, 3);
INSERT INTO schedule (reserve, slot_id, student_id) VALUES (false, 79, 4);
INSERT INTO schedule (reserve, slot_id, student_id) VALUES (false, 79, 5);
INSERT INTO schedule (reserve, slot_id, student_id) VALUES (false, 79, 6);
INSERT INTO schedule (reserve, slot_id, student_id) VALUES (false, 79, 7);
INSERT INTO schedule (reserve, slot_id, student_id) VALUES (false, 79, 8);
INSERT INTO schedule (reserve, slot_id, student_id) VALUES (false, 79, 9);
INSERT INTO schedule (reserve, slot_id, student_id) VALUES (false, 80, 3);
INSERT INTO schedule (reserve, slot_id, student_id) VALUES (false, 80, 4);
INSERT INTO schedule (reserve, slot_id, student_id) VALUES (false, 80, 5);
INSERT INTO schedule (reserve, slot_id, student_id) VALUES (false, 80, 6);
INSERT INTO schedule (reserve, slot_id, student_id) VALUES (false, 80, 7);
INSERT INTO schedule (reserve, slot_id, student_id) VALUES (false, 80, 8);
INSERT INTO schedule (reserve, slot_id, student_id) VALUES (false, 80, 9);
INSERT INTO schedule (reserve, slot_id, student_id) VALUES (false, 81, 3);
INSERT INTO schedule (reserve, slot_id, student_id) VALUES (false, 81, 4);
INSERT INTO schedule (reserve, slot_id, student_id) VALUES (false, 81, 5);
INSERT INTO schedule (reserve, slot_id, student_id) VALUES (false, 81, 6);
INSERT INTO schedule (reserve, slot_id, student_id) VALUES (false, 81, 7);
INSERT INTO schedule (reserve, slot_id, student_id) VALUES (false, 81, 8);
INSERT INTO schedule (reserve, slot_id, student_id) VALUES (false, 81, 9);
INSERT INTO schedule (reserve, slot_id, student_id) VALUES (false, 82, 3);
INSERT INTO schedule (reserve, slot_id, student_id) VALUES (false, 82, 4);
INSERT INTO schedule (reserve, slot_id, student_id) VALUES (false, 82, 5);
INSERT INTO schedule (reserve, slot_id, student_id) VALUES (false, 82, 6);
INSERT INTO schedule (reserve, slot_id, student_id) VALUES (false, 82, 7);
INSERT INTO schedule (reserve, slot_id, student_id) VALUES (false, 82, 8);
INSERT INTO schedule (reserve, slot_id, student_id) VALUES (false, 82, 9);
INSERT INTO schedule (reserve, slot_id, student_id) VALUES (false, 83, 3);
INSERT INTO schedule (reserve, slot_id, student_id) VALUES (false, 83, 4);
INSERT INTO schedule (reserve, slot_id, student_id) VALUES (false, 83, 5);
INSERT INTO schedule (reserve, slot_id, student_id) VALUES (false, 83, 6);
INSERT INTO schedule (reserve, slot_id, student_id) VALUES (false, 83, 7);
INSERT INTO schedule (reserve, slot_id, student_id) VALUES (false, 83, 8);
INSERT INTO schedule (reserve, slot_id, student_id) VALUES (false, 83, 9);
INSERT INTO schedule (reserve, slot_id, student_id) VALUES (false, 84, 3);
INSERT INTO schedule (reserve, slot_id, student_id) VALUES (false, 84, 4);
INSERT INTO schedule (reserve, slot_id, student_id) VALUES (false, 84, 5);
INSERT INTO schedule (reserve, slot_id, student_id) VALUES (false, 84, 6);
INSERT INTO schedule (reserve, slot_id, student_id) VALUES (false, 84, 7);
INSERT INTO schedule (reserve, slot_id, student_id) VALUES (false, 84, 8);
INSERT INTO schedule (reserve, slot_id, student_id) VALUES (false, 84, 9);
INSERT INTO schedule (reserve, slot_id, student_id) VALUES (false, 85, 3);
INSERT INTO schedule (reserve, slot_id, student_id) VALUES (false, 85, 4);
INSERT INTO schedule (reserve, slot_id, student_id) VALUES (false, 85, 5);
INSERT INTO schedule (reserve, slot_id, student_id) VALUES (false, 85, 6);
INSERT INTO schedule (reserve, slot_id, student_id) VALUES (false, 85, 7);
INSERT INTO schedule (reserve, slot_id, student_id) VALUES (false, 85, 8);
INSERT INTO schedule (reserve, slot_id, student_id) VALUES (false, 85, 9);
INSERT INTO schedule (reserve, slot_id, student_id) VALUES (false, 86, 3);
INSERT INTO schedule (reserve, slot_id, student_id) VALUES (false, 86, 4);
INSERT INTO schedule (reserve, slot_id, student_id) VALUES (false, 86, 5);
INSERT INTO schedule (reserve, slot_id, student_id) VALUES (false, 86, 6);
INSERT INTO schedule (reserve, slot_id, student_id) VALUES (false, 86, 7);
INSERT INTO schedule (reserve, slot_id, student_id) VALUES (false, 86, 8);
INSERT INTO schedule (reserve, slot_id, student_id) VALUES (false, 86, 9);
INSERT INTO schedule (reserve, slot_id, student_id) VALUES (false, 87, 3);
INSERT INTO schedule (reserve, slot_id, student_id) VALUES (false, 87, 4);
INSERT INTO schedule (reserve, slot_id, student_id) VALUES (false, 87, 5);
INSERT INTO schedule (reserve, slot_id, student_id) VALUES (false, 87, 6);
INSERT INTO schedule (reserve, slot_id, student_id) VALUES (false, 87, 7);
INSERT INTO schedule (reserve, slot_id, student_id) VALUES (false, 87, 8);
INSERT INTO schedule (reserve, slot_id, student_id) VALUES (false, 87, 9);
INSERT INTO schedule (reserve, slot_id, student_id) VALUES (false, 88, 3);
INSERT INTO schedule (reserve, slot_id, student_id) VALUES (false, 88, 4);
INSERT INTO schedule (reserve, slot_id, student_id) VALUES (false, 88, 5);
INSERT INTO schedule (reserve, slot_id, student_id) VALUES (false, 88, 6);
INSERT INTO schedule (reserve, slot_id, student_id) VALUES (false, 88, 7);
INSERT INTO schedule (reserve, slot_id, student_id) VALUES (false, 88, 8);
INSERT INTO schedule (reserve, slot_id, student_id) VALUES (false, 88, 9);
INSERT INTO schedule (reserve, slot_id, student_id) VALUES (false, 89, 3);
INSERT INTO schedule (reserve, slot_id, student_id) VALUES (false, 89, 4);
INSERT INTO schedule (reserve, slot_id, student_id) VALUES (false, 89, 5);
INSERT INTO schedule (reserve, slot_id, student_id) VALUES (false, 89, 6);
INSERT INTO schedule (reserve, slot_id, student_id) VALUES (false, 89, 7);
INSERT INTO schedule (reserve, slot_id, student_id) VALUES (false, 89, 8);
INSERT INTO schedule (reserve, slot_id, student_id) VALUES (false, 89, 9);
INSERT INTO schedule (reserve, slot_id, student_id) VALUES (false, 90, 3);
INSERT INTO schedule (reserve, slot_id, student_id) VALUES (false, 90, 4);
INSERT INTO schedule (reserve, slot_id, student_id) VALUES (false, 90, 5);
INSERT INTO schedule (reserve, slot_id, student_id) VALUES (false, 90, 6);
INSERT INTO schedule (reserve, slot_id, student_id) VALUES (false, 90, 7);
INSERT INTO schedule (reserve, slot_id, student_id) VALUES (false, 90, 8);
INSERT INTO schedule (reserve, slot_id, student_id) VALUES (false, 90, 9);
INSERT INTO schedule (reserve, slot_id, student_id) VALUES (false, 91, 3);
INSERT INTO schedule (reserve, slot_id, student_id) VALUES (false, 91, 4);
INSERT INTO schedule (reserve, slot_id, student_id) VALUES (false, 91, 5);
INSERT INTO schedule (reserve, slot_id, student_id) VALUES (false, 91, 6);
INSERT INTO schedule (reserve, slot_id, student_id) VALUES (false, 91, 7);
INSERT INTO schedule (reserve, slot_id, student_id) VALUES (false, 91, 8);
INSERT INTO schedule (reserve, slot_id, student_id) VALUES (false, 91, 9);
INSERT INTO schedule (reserve, slot_id, student_id) VALUES (false, 92, 3);
INSERT INTO schedule (reserve, slot_id, student_id) VALUES (false, 92, 4);
INSERT INTO schedule (reserve, slot_id, student_id) VALUES (false, 92, 5);
INSERT INTO schedule (reserve, slot_id, student_id) VALUES (false, 92, 6);
INSERT INTO schedule (reserve, slot_id, student_id) VALUES (false, 92, 7);
INSERT INTO schedule (reserve, slot_id, student_id) VALUES (false, 92, 8);
INSERT INTO schedule (reserve, slot_id, student_id) VALUES (false, 92, 9);
INSERT INTO schedule (reserve, slot_id, student_id) VALUES (false, 93, 3);
INSERT INTO schedule (reserve, slot_id, student_id) VALUES (false, 93, 4);
INSERT INTO schedule (reserve, slot_id, student_id) VALUES (false, 93, 5);
INSERT INTO schedule (reserve, slot_id, student_id) VALUES (false, 93, 6);
INSERT INTO schedule (reserve, slot_id, student_id) VALUES (false, 93, 7);
INSERT INTO schedule (reserve, slot_id, student_id) VALUES (false, 93, 8);
INSERT INTO schedule (reserve, slot_id, student_id) VALUES (false, 93, 9);
INSERT INTO schedule (reserve, slot_id, student_id) VALUES (false, 94, 3);
INSERT INTO schedule (reserve, slot_id, student_id) VALUES (false, 94, 4);
INSERT INTO schedule (reserve, slot_id, student_id) VALUES (false, 94, 5);
INSERT INTO schedule (reserve, slot_id, student_id) VALUES (false, 94, 6);
INSERT INTO schedule (reserve, slot_id, student_id) VALUES (false, 94, 7);
INSERT INTO schedule (reserve, slot_id, student_id) VALUES (false, 94, 8);
INSERT INTO schedule (reserve, slot_id, student_id) VALUES (false, 94, 9);
INSERT INTO schedule (reserve, slot_id, student_id) VALUES (false, 95, 3);
INSERT INTO schedule (reserve, slot_id, student_id) VALUES (false, 95, 4);
INSERT INTO schedule (reserve, slot_id, student_id) VALUES (false, 95, 5);
INSERT INTO schedule (reserve, slot_id, student_id) VALUES (false, 95, 6);
INSERT INTO schedule (reserve, slot_id, student_id) VALUES (false, 95, 7);
INSERT INTO schedule (reserve, slot_id, student_id) VALUES (false, 95, 8);
INSERT INTO schedule (reserve, slot_id, student_id) VALUES (false, 95, 9);
INSERT INTO schedule (reserve, slot_id, student_id) VALUES (false, 96, 3);
INSERT INTO schedule (reserve, slot_id, student_id) VALUES (false, 96, 4);
INSERT INTO schedule (reserve, slot_id, student_id) VALUES (false, 96, 5);
INSERT INTO schedule (reserve, slot_id, student_id) VALUES (false, 96, 6);
INSERT INTO schedule (reserve, slot_id, student_id) VALUES (false, 96, 7);
INSERT INTO schedule (reserve, slot_id, student_id) VALUES (false, 96, 8);
INSERT INTO schedule (reserve, slot_id, student_id) VALUES (false, 96, 9);
INSERT INTO schedule (reserve, slot_id, student_id) VALUES (false, 97, 3);
INSERT INTO schedule (reserve, slot_id, student_id) VALUES (false, 97, 4);
INSERT INTO schedule (reserve, slot_id, student_id) VALUES (false, 97, 5);
INSERT INTO schedule (reserve, slot_id, student_id) VALUES (false, 97, 6);
INSERT INTO schedule (reserve, slot_id, student_id) VALUES (false, 97, 7);
INSERT INTO schedule (reserve, slot_id, student_id) VALUES (false, 97, 8);
INSERT INTO schedule (reserve, slot_id, student_id) VALUES (false, 97, 9);
INSERT INTO schedule (reserve, slot_id, student_id) VALUES (false, 98, 3);
INSERT INTO schedule (reserve, slot_id, student_id) VALUES (false, 98, 4);
INSERT INTO schedule (reserve, slot_id, student_id) VALUES (false, 98, 5);
INSERT INTO schedule (reserve, slot_id, student_id) VALUES (false, 98, 6);
INSERT INTO schedule (reserve, slot_id, student_id) VALUES (false, 98, 7);
INSERT INTO schedule (reserve, slot_id, student_id) VALUES (false, 98, 8);
INSERT INTO schedule (reserve, slot_id, student_id) VALUES (false, 98, 9);
INSERT INTO schedule (reserve, slot_id, student_id) VALUES (false, 99, 3);
INSERT INTO schedule (reserve, slot_id, student_id) VALUES (false, 99, 4);
INSERT INTO schedule (reserve, slot_id, student_id) VALUES (false, 99, 5);
INSERT INTO schedule (reserve, slot_id, student_id) VALUES (false, 99, 6);
INSERT INTO schedule (reserve, slot_id, student_id) VALUES (false, 99, 7);
INSERT INTO schedule (reserve, slot_id, student_id) VALUES (false, 99, 8);
INSERT INTO schedule (reserve, slot_id, student_id) VALUES (false, 99, 9);
INSERT INTO schedule (reserve, slot_id, student_id) VALUES (false, 100, 3);
INSERT INTO schedule (reserve, slot_id, student_id) VALUES (false, 100, 4);
INSERT INTO schedule (reserve, slot_id, student_id) VALUES (false, 100, 5);
INSERT INTO schedule (reserve, slot_id, student_id) VALUES (false, 100, 6);
INSERT INTO schedule (reserve, slot_id, student_id) VALUES (false, 100, 7);
INSERT INTO schedule (reserve, slot_id, student_id) VALUES (false, 100, 8);
INSERT INTO schedule (reserve, slot_id, student_id) VALUES (false, 100, 9);
INSERT INTO schedule (reserve, slot_id, student_id) VALUES (false, 101, 3);
INSERT INTO schedule (reserve, slot_id, student_id) VALUES (false, 101, 4);
INSERT INTO schedule (reserve, slot_id, student_id) VALUES (false, 101, 5);
INSERT INTO schedule (reserve, slot_id, student_id) VALUES (false, 101, 6);
INSERT INTO schedule (reserve, slot_id, student_id) VALUES (false, 101, 7);
INSERT INTO schedule (reserve, slot_id, student_id) VALUES (false, 101, 8);
INSERT INTO schedule (reserve, slot_id, student_id) VALUES (false, 101, 9);
INSERT INTO schedule (reserve, slot_id, student_id) VALUES (false, 102, 3);
INSERT INTO schedule (reserve, slot_id, student_id) VALUES (false, 102, 4);
INSERT INTO schedule (reserve, slot_id, student_id) VALUES (false, 102, 5);
INSERT INTO schedule (reserve, slot_id, student_id) VALUES (false, 102, 6);
INSERT INTO schedule (reserve, slot_id, student_id) VALUES (false, 102, 7);
INSERT INTO schedule (reserve, slot_id, student_id) VALUES (false, 102, 8);
INSERT INTO schedule (reserve, slot_id, student_id) VALUES (false, 102, 9);
INSERT INTO schedule (reserve, slot_id, student_id) VALUES (false, 103, 3);
INSERT INTO schedule (reserve, slot_id, student_id) VALUES (false, 103, 4);
INSERT INTO schedule (reserve, slot_id, student_id) VALUES (false, 103, 5);
INSERT INTO schedule (reserve, slot_id, student_id) VALUES (false, 103, 6);
INSERT INTO schedule (reserve, slot_id, student_id) VALUES (false, 103, 7);
INSERT INTO schedule (reserve, slot_id, student_id) VALUES (false, 103, 8);
INSERT INTO schedule (reserve, slot_id, student_id) VALUES (false, 103, 9);
INSERT INTO schedule (reserve, slot_id, student_id) VALUES (false, 104, 3);
INSERT INTO schedule (reserve, slot_id, student_id) VALUES (false, 104, 4);
INSERT INTO schedule (reserve, slot_id, student_id) VALUES (false, 104, 5);
INSERT INTO schedule (reserve, slot_id, student_id) VALUES (false, 104, 6);
INSERT INTO schedule (reserve, slot_id, student_id) VALUES (false, 104, 7);
INSERT INTO schedule (reserve, slot_id, student_id) VALUES (false, 104, 8);
INSERT INTO schedule (reserve, slot_id, student_id) VALUES (false, 104, 9);
INSERT INTO schedule (reserve, slot_id, student_id) VALUES (false, 105, 3);
INSERT INTO schedule (reserve, slot_id, student_id) VALUES (false, 105, 4);
INSERT INTO schedule (reserve, slot_id, student_id) VALUES (false, 105, 5);
INSERT INTO schedule (reserve, slot_id, student_id) VALUES (false, 105, 6);
INSERT INTO schedule (reserve, slot_id, student_id) VALUES (false, 105, 7);
INSERT INTO schedule (reserve, slot_id, student_id) VALUES (false, 105, 8);
INSERT INTO schedule (reserve, slot_id, student_id) VALUES (false, 105, 9);
INSERT INTO schedule (reserve, slot_id, student_id) VALUES (false, 8, 3);
INSERT INTO schedule (reserve, slot_id, student_id) VALUES (false, 8, 4);
INSERT INTO schedule (reserve, slot_id, student_id) VALUES (false, 8, 5);
INSERT INTO schedule (reserve, slot_id, student_id) VALUES (false, 8, 6);
INSERT INTO schedule (reserve, slot_id, student_id) VALUES (false, 8, 7);
INSERT INTO schedule (reserve, slot_id, student_id) VALUES (false, 8, 8);
INSERT INTO schedule (reserve, slot_id, student_id) VALUES (false, 8, 9);
INSERT INTO schedule (reserve, slot_id, student_id) VALUES (false, 9, 3);
INSERT INTO schedule (reserve, slot_id, student_id) VALUES (false, 9, 4);
INSERT INTO schedule (reserve, slot_id, student_id) VALUES (false, 9, 5);
INSERT INTO schedule (reserve, slot_id, student_id) VALUES (false, 9, 6);
INSERT INTO schedule (reserve, slot_id, student_id) VALUES (false, 9, 7);
INSERT INTO schedule (reserve, slot_id, student_id) VALUES (false, 9, 8);
INSERT INTO schedule (reserve, slot_id, student_id) VALUES (false, 9, 9);
INSERT INTO schedule (reserve, slot_id, student_id) VALUES (false, 10, 3);
INSERT INTO schedule (reserve, slot_id, student_id) VALUES (false, 10, 4);
INSERT INTO schedule (reserve, slot_id, student_id) VALUES (false, 10, 5);
INSERT INTO schedule (reserve, slot_id, student_id) VALUES (false, 10, 6);
INSERT INTO schedule (reserve, slot_id, student_id) VALUES (false, 10, 7);
INSERT INTO schedule (reserve, slot_id, student_id) VALUES (false, 10, 8);
INSERT INTO schedule (reserve, slot_id, student_id) VALUES (false, 10, 9);
INSERT INTO schedule (reserve, slot_id, student_id) VALUES (false, 11, 3);
INSERT INTO schedule (reserve, slot_id, student_id) VALUES (false, 11, 4);
INSERT INTO schedule (reserve, slot_id, student_id) VALUES (false, 11, 5);
INSERT INTO schedule (reserve, slot_id, student_id) VALUES (false, 11, 6);
INSERT INTO schedule (reserve, slot_id, student_id) VALUES (false, 11, 7);
INSERT INTO schedule (reserve, slot_id, student_id) VALUES (false, 11, 8);
INSERT INTO schedule (reserve, slot_id, student_id) VALUES (false, 11, 9);
INSERT INTO schedule (reserve, slot_id, student_id) VALUES (false, 12, 3);
INSERT INTO schedule (reserve, slot_id, student_id) VALUES (false, 12, 4);
INSERT INTO schedule (reserve, slot_id, student_id) VALUES (false, 12, 5);
INSERT INTO schedule (reserve, slot_id, student_id) VALUES (false, 12, 6);
INSERT INTO schedule (reserve, slot_id, student_id) VALUES (false, 12, 7);
INSERT INTO schedule (reserve, slot_id, student_id) VALUES (false, 12, 8);
INSERT INTO schedule (reserve, slot_id, student_id) VALUES (false, 12, 9);
INSERT INTO schedule (reserve, slot_id, student_id) VALUES (false, 13, 3);
INSERT INTO schedule (reserve, slot_id, student_id) VALUES (false, 13, 4);
INSERT INTO schedule (reserve, slot_id, student_id) VALUES (false, 13, 5);
INSERT INTO schedule (reserve, slot_id, student_id) VALUES (false, 13, 6);
INSERT INTO schedule (reserve, slot_id, student_id) VALUES (false, 13, 7);
INSERT INTO schedule (reserve, slot_id, student_id) VALUES (false, 13, 8);
INSERT INTO schedule (reserve, slot_id, student_id) VALUES (false, 13, 9);
INSERT INTO schedule (reserve, slot_id, student_id) VALUES (false, 14, 3);
INSERT INTO schedule (reserve, slot_id, student_id) VALUES (false, 14, 4);
INSERT INTO schedule (reserve, slot_id, student_id) VALUES (false, 14, 5);
INSERT INTO schedule (reserve, slot_id, student_id) VALUES (false, 14, 6);
INSERT INTO schedule (reserve, slot_id, student_id) VALUES (false, 14, 7);
INSERT INTO schedule (reserve, slot_id, student_id) VALUES (false, 14, 8);
INSERT INTO schedule (reserve, slot_id, student_id) VALUES (false, 14, 9);
INSERT INTO schedule (reserve, slot_id, student_id) VALUES (false, 15, 3);
INSERT INTO schedule (reserve, slot_id, student_id) VALUES (false, 15, 4);
INSERT INTO schedule (reserve, slot_id, student_id) VALUES (false, 15, 5);
INSERT INTO schedule (reserve, slot_id, student_id) VALUES (false, 15, 6);
INSERT INTO schedule (reserve, slot_id, student_id) VALUES (false, 15, 7);
INSERT INTO schedule (reserve, slot_id, student_id) VALUES (false, 15, 8);
INSERT INTO schedule (reserve, slot_id, student_id) VALUES (false, 15, 9);
INSERT INTO schedule (reserve, slot_id, student_id) VALUES (false, 23, 3);
INSERT INTO schedule (reserve, slot_id, student_id) VALUES (false, 23, 4);
INSERT INTO schedule (reserve, slot_id, student_id) VALUES (false, 23, 5);
INSERT INTO schedule (reserve, slot_id, student_id) VALUES (false, 23, 6);
INSERT INTO schedule (reserve, slot_id, student_id) VALUES (false, 23, 7);
INSERT INTO schedule (reserve, slot_id, student_id) VALUES (false, 23, 8);
INSERT INTO schedule (reserve, slot_id, student_id) VALUES (false, 23, 9);
INSERT INTO schedule (reserve, slot_id, student_id) VALUES (false, 24, 3);
INSERT INTO schedule (reserve, slot_id, student_id) VALUES (false, 24, 4);
INSERT INTO schedule (reserve, slot_id, student_id) VALUES (false, 24, 5);
INSERT INTO schedule (reserve, slot_id, student_id) VALUES (false, 24, 6);
INSERT INTO schedule (reserve, slot_id, student_id) VALUES (false, 24, 7);
INSERT INTO schedule (reserve, slot_id, student_id) VALUES (false, 24, 8);
INSERT INTO schedule (reserve, slot_id, student_id) VALUES (false, 24, 9);
INSERT INTO schedule (reserve, slot_id, student_id) VALUES (false, 25, 3);
INSERT INTO schedule (reserve, slot_id, student_id) VALUES (false, 25, 4);
INSERT INTO schedule (reserve, slot_id, student_id) VALUES (false, 25, 5);
INSERT INTO schedule (reserve, slot_id, student_id) VALUES (false, 25, 6);
INSERT INTO schedule (reserve, slot_id, student_id) VALUES (false, 25, 7);
INSERT INTO schedule (reserve, slot_id, student_id) VALUES (false, 25, 8);
INSERT INTO schedule (reserve, slot_id, student_id) VALUES (false, 25, 9);
INSERT INTO schedule (reserve, slot_id, student_id) VALUES (false, 26, 3);
INSERT INTO schedule (reserve, slot_id, student_id) VALUES (false, 26, 4);
INSERT INTO schedule (reserve, slot_id, student_id) VALUES (false, 26, 5);
INSERT INTO schedule (reserve, slot_id, student_id) VALUES (false, 26, 6);
INSERT INTO schedule (reserve, slot_id, student_id) VALUES (false, 26, 7);
INSERT INTO schedule (reserve, slot_id, student_id) VALUES (false, 26, 8);
INSERT INTO schedule (reserve, slot_id, student_id) VALUES (false, 26, 9);
INSERT INTO schedule (reserve, slot_id, student_id) VALUES (false, 27, 3);
INSERT INTO schedule (reserve, slot_id, student_id) VALUES (false, 27, 4);
INSERT INTO schedule (reserve, slot_id, student_id) VALUES (false, 27, 5);
INSERT INTO schedule (reserve, slot_id, student_id) VALUES (false, 27, 6);
INSERT INTO schedule (reserve, slot_id, student_id) VALUES (false, 27, 7);
INSERT INTO schedule (reserve, slot_id, student_id) VALUES (false, 27, 8);
INSERT INTO schedule (reserve, slot_id, student_id) VALUES (false, 27, 9);
INSERT INTO schedule (reserve, slot_id, student_id) VALUES (false, 28, 3);
INSERT INTO schedule (reserve, slot_id, student_id) VALUES (false, 28, 4);
INSERT INTO schedule (reserve, slot_id, student_id) VALUES (false, 28, 5);
INSERT INTO schedule (reserve, slot_id, student_id) VALUES (false, 28, 6);
INSERT INTO schedule (reserve, slot_id, student_id) VALUES (false, 28, 7);
INSERT INTO schedule (reserve, slot_id, student_id) VALUES (false, 28, 8);
INSERT INTO schedule (reserve, slot_id, student_id) VALUES (false, 28, 9);
INSERT INTO schedule (reserve, slot_id, student_id) VALUES (false, 29, 3);
INSERT INTO schedule (reserve, slot_id, student_id) VALUES (false, 29, 4);
INSERT INTO schedule (reserve, slot_id, student_id) VALUES (false, 29, 5);
INSERT INTO schedule (reserve, slot_id, student_id) VALUES (false, 29, 6);
INSERT INTO schedule (reserve, slot_id, student_id) VALUES (false, 29, 7);
INSERT INTO schedule (reserve, slot_id, student_id) VALUES (false, 29, 8);
INSERT INTO schedule (reserve, slot_id, student_id) VALUES (false, 29, 9);
INSERT INTO schedule (reserve, slot_id, student_id) VALUES (false, 30, 3);
INSERT INTO schedule (reserve, slot_id, student_id) VALUES (false, 30, 4);
INSERT INTO schedule (reserve, slot_id, student_id) VALUES (false, 30, 5);
INSERT INTO schedule (reserve, slot_id, student_id) VALUES (false, 30, 6);
INSERT INTO schedule (reserve, slot_id, student_id) VALUES (false, 30, 7);
INSERT INTO schedule (reserve, slot_id, student_id) VALUES (false, 30, 8);
INSERT INTO schedule (reserve, slot_id, student_id) VALUES (false, 30, 9);
INSERT INTO schedule (reserve, slot_id, student_id) VALUES (false, 38, 3);
INSERT INTO schedule (reserve, slot_id, student_id) VALUES (false, 38, 4);
INSERT INTO schedule (reserve, slot_id, student_id) VALUES (false, 38, 5);
INSERT INTO schedule (reserve, slot_id, student_id) VALUES (false, 38, 6);
INSERT INTO schedule (reserve, slot_id, student_id) VALUES (false, 38, 7);
INSERT INTO schedule (reserve, slot_id, student_id) VALUES (false, 38, 8);
INSERT INTO schedule (reserve, slot_id, student_id) VALUES (false, 38, 9);
INSERT INTO schedule (reserve, slot_id, student_id) VALUES (false, 39, 3);
INSERT INTO schedule (reserve, slot_id, student_id) VALUES (false, 39, 4);
INSERT INTO schedule (reserve, slot_id, student_id) VALUES (false, 39, 5);
INSERT INTO schedule (reserve, slot_id, student_id) VALUES (false, 39, 6);
INSERT INTO schedule (reserve, slot_id, student_id) VALUES (false, 39, 7);
INSERT INTO schedule (reserve, slot_id, student_id) VALUES (false, 39, 8);
INSERT INTO schedule (reserve, slot_id, student_id) VALUES (false, 39, 9);
INSERT INTO schedule (reserve, slot_id, student_id) VALUES (false, 40, 3);
INSERT INTO schedule (reserve, slot_id, student_id) VALUES (false, 40, 4);
INSERT INTO schedule (reserve, slot_id, student_id) VALUES (false, 40, 5);
INSERT INTO schedule (reserve, slot_id, student_id) VALUES (false, 40, 6);
INSERT INTO schedule (reserve, slot_id, student_id) VALUES (false, 40, 7);
INSERT INTO schedule (reserve, slot_id, student_id) VALUES (false, 40, 8);
INSERT INTO schedule (reserve, slot_id, student_id) VALUES (false, 40, 9);
INSERT INTO schedule (reserve, slot_id, student_id) VALUES (false, 41, 3);
INSERT INTO schedule (reserve, slot_id, student_id) VALUES (false, 41, 4);
INSERT INTO schedule (reserve, slot_id, student_id) VALUES (false, 41, 5);
INSERT INTO schedule (reserve, slot_id, student_id) VALUES (false, 41, 6);
INSERT INTO schedule (reserve, slot_id, student_id) VALUES (false, 41, 7);
INSERT INTO schedule (reserve, slot_id, student_id) VALUES (false, 41, 8);
INSERT INTO schedule (reserve, slot_id, student_id) VALUES (false, 41, 9);
INSERT INTO schedule (reserve, slot_id, student_id) VALUES (false, 42, 3);
INSERT INTO schedule (reserve, slot_id, student_id) VALUES (false, 42, 4);
INSERT INTO schedule (reserve, slot_id, student_id) VALUES (false, 42, 5);
INSERT INTO schedule (reserve, slot_id, student_id) VALUES (false, 42, 6);
INSERT INTO schedule (reserve, slot_id, student_id) VALUES (false, 42, 7);
INSERT INTO schedule (reserve, slot_id, student_id) VALUES (false, 42, 8);
INSERT INTO schedule (reserve, slot_id, student_id) VALUES (false, 42, 9);
INSERT INTO schedule (reserve, slot_id, student_id) VALUES (false, 43, 3);
INSERT INTO schedule (reserve, slot_id, student_id) VALUES (false, 43, 4);
INSERT INTO schedule (reserve, slot_id, student_id) VALUES (false, 43, 5);
INSERT INTO schedule (reserve, slot_id, student_id) VALUES (false, 43, 6);
INSERT INTO schedule (reserve, slot_id, student_id) VALUES (false, 43, 7);
INSERT INTO schedule (reserve, slot_id, student_id) VALUES (false, 43, 8);
INSERT INTO schedule (reserve, slot_id, student_id) VALUES (false, 43, 9);
INSERT INTO schedule (reserve, slot_id, student_id) VALUES (false, 44, 3);
INSERT INTO schedule (reserve, slot_id, student_id) VALUES (false, 44, 4);
INSERT INTO schedule (reserve, slot_id, student_id) VALUES (false, 44, 5);
INSERT INTO schedule (reserve, slot_id, student_id) VALUES (false, 44, 6);
INSERT INTO schedule (reserve, slot_id, student_id) VALUES (false, 44, 7);
INSERT INTO schedule (reserve, slot_id, student_id) VALUES (false, 44, 8);
INSERT INTO schedule (reserve, slot_id, student_id) VALUES (false, 44, 9);
INSERT INTO schedule (reserve, slot_id, student_id) VALUES (false, 45, 3);
INSERT INTO schedule (reserve, slot_id, student_id) VALUES (false, 45, 4);
INSERT INTO schedule (reserve, slot_id, student_id) VALUES (false, 45, 5);
INSERT INTO schedule (reserve, slot_id, student_id) VALUES (false, 45, 6);
INSERT INTO schedule (reserve, slot_id, student_id) VALUES (false, 45, 7);
INSERT INTO schedule (reserve, slot_id, student_id) VALUES (false, 45, 8);
INSERT INTO schedule (reserve, slot_id, student_id) VALUES (false, 45, 9);
INSERT INTO schedule (reserve, slot_id, student_id) VALUES (false, 53, 3);
INSERT INTO schedule (reserve, slot_id, student_id) VALUES (false, 53, 4);
INSERT INTO schedule (reserve, slot_id, student_id) VALUES (false, 53, 5);
INSERT INTO schedule (reserve, slot_id, student_id) VALUES (false, 53, 6);
INSERT INTO schedule (reserve, slot_id, student_id) VALUES (false, 53, 7);
INSERT INTO schedule (reserve, slot_id, student_id) VALUES (false, 53, 8);
INSERT INTO schedule (reserve, slot_id, student_id) VALUES (false, 53, 9);
INSERT INTO schedule (reserve, slot_id, student_id) VALUES (false, 54, 3);
INSERT INTO schedule (reserve, slot_id, student_id) VALUES (false, 54, 4);
INSERT INTO schedule (reserve, slot_id, student_id) VALUES (false, 54, 5);
INSERT INTO schedule (reserve, slot_id, student_id) VALUES (false, 54, 6);
INSERT INTO schedule (reserve, slot_id, student_id) VALUES (false, 54, 7);
INSERT INTO schedule (reserve, slot_id, student_id) VALUES (false, 54, 8);
INSERT INTO schedule (reserve, slot_id, student_id) VALUES (false, 54, 9);
INSERT INTO schedule (reserve, slot_id, student_id) VALUES (false, 55, 3);
INSERT INTO schedule (reserve, slot_id, student_id) VALUES (false, 55, 4);
INSERT INTO schedule (reserve, slot_id, student_id) VALUES (false, 55, 5);
INSERT INTO schedule (reserve, slot_id, student_id) VALUES (false, 55, 6);
INSERT INTO schedule (reserve, slot_id, student_id) VALUES (false, 55, 7);
INSERT INTO schedule (reserve, slot_id, student_id) VALUES (false, 55, 8);
INSERT INTO schedule (reserve, slot_id, student_id) VALUES (false, 55, 9);
INSERT INTO schedule (reserve, slot_id, student_id) VALUES (false, 56, 3);
INSERT INTO schedule (reserve, slot_id, student_id) VALUES (false, 56, 4);
INSERT INTO schedule (reserve, slot_id, student_id) VALUES (false, 56, 5);
INSERT INTO schedule (reserve, slot_id, student_id) VALUES (false, 56, 6);
INSERT INTO schedule (reserve, slot_id, student_id) VALUES (false, 56, 7);
INSERT INTO schedule (reserve, slot_id, student_id) VALUES (false, 56, 8);
INSERT INTO schedule (reserve, slot_id, student_id) VALUES (false, 56, 9);
INSERT INTO schedule (reserve, slot_id, student_id) VALUES (false, 57, 3);
INSERT INTO schedule (reserve, slot_id, student_id) VALUES (false, 57, 4);
INSERT INTO schedule (reserve, slot_id, student_id) VALUES (false, 57, 5);
INSERT INTO schedule (reserve, slot_id, student_id) VALUES (false, 57, 6);
INSERT INTO schedule (reserve, slot_id, student_id) VALUES (false, 57, 7);
INSERT INTO schedule (reserve, slot_id, student_id) VALUES (false, 57, 8);
INSERT INTO schedule (reserve, slot_id, student_id) VALUES (false, 57, 9);
INSERT INTO schedule (reserve, slot_id, student_id) VALUES (false, 58, 3);
INSERT INTO schedule (reserve, slot_id, student_id) VALUES (false, 58, 4);
INSERT INTO schedule (reserve, slot_id, student_id) VALUES (false, 58, 5);
INSERT INTO schedule (reserve, slot_id, student_id) VALUES (false, 58, 6);
INSERT INTO schedule (reserve, slot_id, student_id) VALUES (false, 58, 7);
INSERT INTO schedule (reserve, slot_id, student_id) VALUES (false, 58, 8);
INSERT INTO schedule (reserve, slot_id, student_id) VALUES (false, 58, 9);
INSERT INTO schedule (reserve, slot_id, student_id) VALUES (false, 59, 3);
INSERT INTO schedule (reserve, slot_id, student_id) VALUES (false, 59, 4);
INSERT INTO schedule (reserve, slot_id, student_id) VALUES (false, 59, 5);
INSERT INTO schedule (reserve, slot_id, student_id) VALUES (false, 59, 6);
INSERT INTO schedule (reserve, slot_id, student_id) VALUES (false, 59, 7);
INSERT INTO schedule (reserve, slot_id, student_id) VALUES (false, 59, 8);
INSERT INTO schedule (reserve, slot_id, student_id) VALUES (false, 59, 9);
INSERT INTO schedule (reserve, slot_id, student_id) VALUES (false, 60, 3);
INSERT INTO schedule (reserve, slot_id, student_id) VALUES (false, 60, 4);
INSERT INTO schedule (reserve, slot_id, student_id) VALUES (false, 60, 5);
INSERT INTO schedule (reserve, slot_id, student_id) VALUES (false, 60, 6);
INSERT INTO schedule (reserve, slot_id, student_id) VALUES (false, 60, 7);
INSERT INTO schedule (reserve, slot_id, student_id) VALUES (false, 60, 8);
INSERT INTO schedule (reserve, slot_id, student_id) VALUES (false, 60, 9);
INSERT INTO schedule (reserve, slot_id, student_id) VALUES (false, 68, 3);
INSERT INTO schedule (reserve, slot_id, student_id) VALUES (false, 68, 4);
INSERT INTO schedule (reserve, slot_id, student_id) VALUES (false, 68, 5);
INSERT INTO schedule (reserve, slot_id, student_id) VALUES (false, 68, 6);
INSERT INTO schedule (reserve, slot_id, student_id) VALUES (false, 68, 7);
INSERT INTO schedule (reserve, slot_id, student_id) VALUES (false, 68, 8);
INSERT INTO schedule (reserve, slot_id, student_id) VALUES (false, 68, 9);
INSERT INTO schedule (reserve, slot_id, student_id) VALUES (false, 69, 3);
INSERT INTO schedule (reserve, slot_id, student_id) VALUES (false, 69, 4);
INSERT INTO schedule (reserve, slot_id, student_id) VALUES (false, 69, 5);
INSERT INTO schedule (reserve, slot_id, student_id) VALUES (false, 69, 6);
INSERT INTO schedule (reserve, slot_id, student_id) VALUES (false, 69, 7);
INSERT INTO schedule (reserve, slot_id, student_id) VALUES (false, 69, 8);
INSERT INTO schedule (reserve, slot_id, student_id) VALUES (false, 69, 9);
INSERT INTO schedule (reserve, slot_id, student_id) VALUES (false, 70, 3);
INSERT INTO schedule (reserve, slot_id, student_id) VALUES (false, 70, 4);
INSERT INTO schedule (reserve, slot_id, student_id) VALUES (false, 70, 5);
INSERT INTO schedule (reserve, slot_id, student_id) VALUES (false, 70, 6);
INSERT INTO schedule (reserve, slot_id, student_id) VALUES (false, 70, 7);
INSERT INTO schedule (reserve, slot_id, student_id) VALUES (false, 70, 8);
INSERT INTO schedule (reserve, slot_id, student_id) VALUES (false, 70, 9);
INSERT INTO schedule (reserve, slot_id, student_id) VALUES (false, 71, 3);
INSERT INTO schedule (reserve, slot_id, student_id) VALUES (false, 71, 4);
INSERT INTO schedule (reserve, slot_id, student_id) VALUES (false, 71, 5);
INSERT INTO schedule (reserve, slot_id, student_id) VALUES (false, 71, 6);
INSERT INTO schedule (reserve, slot_id, student_id) VALUES (false, 71, 7);
INSERT INTO schedule (reserve, slot_id, student_id) VALUES (false, 71, 8);
INSERT INTO schedule (reserve, slot_id, student_id) VALUES (false, 71, 9);
INSERT INTO schedule (reserve, slot_id, student_id) VALUES (false, 72, 3);
INSERT INTO schedule (reserve, slot_id, student_id) VALUES (false, 72, 4);
INSERT INTO schedule (reserve, slot_id, student_id) VALUES (false, 72, 5);
INSERT INTO schedule (reserve, slot_id, student_id) VALUES (false, 72, 6);
INSERT INTO schedule (reserve, slot_id, student_id) VALUES (false, 72, 7);
INSERT INTO schedule (reserve, slot_id, student_id) VALUES (false, 72, 8);
INSERT INTO schedule (reserve, slot_id, student_id) VALUES (false, 72, 9);
INSERT INTO schedule (reserve, slot_id, student_id) VALUES (false, 73, 3);
INSERT INTO schedule (reserve, slot_id, student_id) VALUES (false, 73, 4);
INSERT INTO schedule (reserve, slot_id, student_id) VALUES (false, 73, 5);
INSERT INTO schedule (reserve, slot_id, student_id) VALUES (false, 73, 6);
INSERT INTO schedule (reserve, slot_id, student_id) VALUES (false, 73, 7);
INSERT INTO schedule (reserve, slot_id, student_id) VALUES (false, 73, 8);
INSERT INTO schedule (reserve, slot_id, student_id) VALUES (false, 73, 9);
INSERT INTO schedule (reserve, slot_id, student_id) VALUES (false, 74, 3);
INSERT INTO schedule (reserve, slot_id, student_id) VALUES (false, 74, 4);
INSERT INTO schedule (reserve, slot_id, student_id) VALUES (false, 74, 5);
INSERT INTO schedule (reserve, slot_id, student_id) VALUES (false, 74, 6);
INSERT INTO schedule (reserve, slot_id, student_id) VALUES (false, 74, 7);
INSERT INTO schedule (reserve, slot_id, student_id) VALUES (false, 74, 8);
INSERT INTO schedule (reserve, slot_id, student_id) VALUES (false, 74, 9);
INSERT INTO schedule (reserve, slot_id, student_id) VALUES (false, 75, 3);
INSERT INTO schedule (reserve, slot_id, student_id) VALUES (false, 75, 4);
INSERT INTO schedule (reserve, slot_id, student_id) VALUES (false, 75, 5);
INSERT INTO schedule (reserve, slot_id, student_id) VALUES (false, 75, 6);
INSERT INTO schedule (reserve, slot_id, student_id) VALUES (false, 75, 7);
INSERT INTO schedule (reserve, slot_id, student_id) VALUES (false, 75, 8);
INSERT INTO schedule (reserve, slot_id, student_id) VALUES (false, 75, 9);
INSERT INTO schedule (reserve, slot_id, student_id) VALUES (false, 83, 3);
INSERT INTO schedule (reserve, slot_id, student_id) VALUES (false, 83, 4);
INSERT INTO schedule (reserve, slot_id, student_id) VALUES (false, 83, 5);
INSERT INTO schedule (reserve, slot_id, student_id) VALUES (false, 83, 6);
INSERT INTO schedule (reserve, slot_id, student_id) VALUES (false, 83, 7);
INSERT INTO schedule (reserve, slot_id, student_id) VALUES (false, 83, 8);
INSERT INTO schedule (reserve, slot_id, student_id) VALUES (false, 83, 9);
INSERT INTO schedule (reserve, slot_id, student_id) VALUES (false, 84, 3);
INSERT INTO schedule (reserve, slot_id, student_id) VALUES (false, 84, 4);
INSERT INTO schedule (reserve, slot_id, student_id) VALUES (false, 84, 5);
INSERT INTO schedule (reserve, slot_id, student_id) VALUES (false, 84, 6);
INSERT INTO schedule (reserve, slot_id, student_id) VALUES (false, 84, 7);
INSERT INTO schedule (reserve, slot_id, student_id) VALUES (false, 84, 8);
INSERT INTO schedule (reserve, slot_id, student_id) VALUES (false, 84, 9);
INSERT INTO schedule (reserve, slot_id, student_id) VALUES (false, 85, 3);
INSERT INTO schedule (reserve, slot_id, student_id) VALUES (false, 85, 4);
INSERT INTO schedule (reserve, slot_id, student_id) VALUES (false, 85, 5);
INSERT INTO schedule (reserve, slot_id, student_id) VALUES (false, 85, 6);
INSERT INTO schedule (reserve, slot_id, student_id) VALUES (false, 85, 7);
INSERT INTO schedule (reserve, slot_id, student_id) VALUES (false, 85, 8);
INSERT INTO schedule (reserve, slot_id, student_id) VALUES (false, 85, 9);
INSERT INTO schedule (reserve, slot_id, student_id) VALUES (false, 86, 3);
INSERT INTO schedule (reserve, slot_id, student_id) VALUES (false, 86, 4);
INSERT INTO schedule (reserve, slot_id, student_id) VALUES (false, 86, 5);
INSERT INTO schedule (reserve, slot_id, student_id) VALUES (false, 86, 6);
INSERT INTO schedule (reserve, slot_id, student_id) VALUES (false, 86, 7);
INSERT INTO schedule (reserve, slot_id, student_id) VALUES (false, 86, 8);
INSERT INTO schedule (reserve, slot_id, student_id) VALUES (false, 86, 9);
INSERT INTO schedule (reserve, slot_id, student_id) VALUES (false, 87, 3);
INSERT INTO schedule (reserve, slot_id, student_id) VALUES (false, 87, 4);
INSERT INTO schedule (reserve, slot_id, student_id) VALUES (false, 87, 5);
INSERT INTO schedule (reserve, slot_id, student_id) VALUES (false, 87, 6);
INSERT INTO schedule (reserve, slot_id, student_id) VALUES (false, 87, 7);
INSERT INTO schedule (reserve, slot_id, student_id) VALUES (false, 87, 8);
INSERT INTO schedule (reserve, slot_id, student_id) VALUES (false, 87, 9);
INSERT INTO schedule (reserve, slot_id, student_id) VALUES (false, 88, 3);
INSERT INTO schedule (reserve, slot_id, student_id) VALUES (false, 88, 4);
INSERT INTO schedule (reserve, slot_id, student_id) VALUES (false, 88, 5);
INSERT INTO schedule (reserve, slot_id, student_id) VALUES (false, 88, 6);
INSERT INTO schedule (reserve, slot_id, student_id) VALUES (false, 88, 7);
INSERT INTO schedule (reserve, slot_id, student_id) VALUES (false, 88, 8);
INSERT INTO schedule (reserve, slot_id, student_id) VALUES (false, 88, 9);
INSERT INTO schedule (reserve, slot_id, student_id) VALUES (false, 89, 3);
INSERT INTO schedule (reserve, slot_id, student_id) VALUES (false, 89, 4);
INSERT INTO schedule (reserve, slot_id, student_id) VALUES (false, 89, 5);
INSERT INTO schedule (reserve, slot_id, student_id) VALUES (false, 89, 6);
INSERT INTO schedule (reserve, slot_id, student_id) VALUES (false, 89, 7);
INSERT INTO schedule (reserve, slot_id, student_id) VALUES (false, 89, 8);
INSERT INTO schedule (reserve, slot_id, student_id) VALUES (false, 89, 9);
INSERT INTO schedule (reserve, slot_id, student_id) VALUES (false, 90, 3);
INSERT INTO schedule (reserve, slot_id, student_id) VALUES (false, 90, 4);
INSERT INTO schedule (reserve, slot_id, student_id) VALUES (false, 90, 5);
INSERT INTO schedule (reserve, slot_id, student_id) VALUES (false, 90, 6);
INSERT INTO schedule (reserve, slot_id, student_id) VALUES (false, 90, 7);
INSERT INTO schedule (reserve, slot_id, student_id) VALUES (false, 90, 8);
INSERT INTO schedule (reserve, slot_id, student_id) VALUES (false, 90, 9);
INSERT INTO schedule (reserve, slot_id, student_id) VALUES (false, 98, 3);
INSERT INTO schedule (reserve, slot_id, student_id) VALUES (false, 98, 4);
INSERT INTO schedule (reserve, slot_id, student_id) VALUES (false, 98, 5);
INSERT INTO schedule (reserve, slot_id, student_id) VALUES (false, 98, 6);
INSERT INTO schedule (reserve, slot_id, student_id) VALUES (false, 98, 7);
INSERT INTO schedule (reserve, slot_id, student_id) VALUES (false, 98, 8);
INSERT INTO schedule (reserve, slot_id, student_id) VALUES (false, 98, 9);
INSERT INTO schedule (reserve, slot_id, student_id) VALUES (false, 99, 3);
INSERT INTO schedule (reserve, slot_id, student_id) VALUES (false, 99, 4);
INSERT INTO schedule (reserve, slot_id, student_id) VALUES (false, 99, 5);
INSERT INTO schedule (reserve, slot_id, student_id) VALUES (false, 99, 6);
INSERT INTO schedule (reserve, slot_id, student_id) VALUES (false, 99, 7);
INSERT INTO schedule (reserve, slot_id, student_id) VALUES (false, 99, 8);
INSERT INTO schedule (reserve, slot_id, student_id) VALUES (false, 99, 9);
INSERT INTO schedule (reserve, slot_id, student_id) VALUES (false, 100, 3);
INSERT INTO schedule (reserve, slot_id, student_id) VALUES (false, 100, 4);
INSERT INTO schedule (reserve, slot_id, student_id) VALUES (false, 100, 5);
INSERT INTO schedule (reserve, slot_id, student_id) VALUES (false, 100, 6);
INSERT INTO schedule (reserve, slot_id, student_id) VALUES (false, 100, 7);
INSERT INTO schedule (reserve, slot_id, student_id) VALUES (false, 100, 8);
INSERT INTO schedule (reserve, slot_id, student_id) VALUES (false, 100, 9);
INSERT INTO schedule (reserve, slot_id, student_id) VALUES (false, 101, 3);
INSERT INTO schedule (reserve, slot_id, student_id) VALUES (false, 101, 4);
INSERT INTO schedule (reserve, slot_id, student_id) VALUES (false, 101, 5);
INSERT INTO schedule (reserve, slot_id, student_id) VALUES (false, 101, 6);
INSERT INTO schedule (reserve, slot_id, student_id) VALUES (false, 101, 7);
INSERT INTO schedule (reserve, slot_id, student_id) VALUES (false, 101, 8);
INSERT INTO schedule (reserve, slot_id, student_id) VALUES (false, 101, 9);
INSERT INTO schedule (reserve, slot_id, student_id) VALUES (false, 102, 3);
INSERT INTO schedule (reserve, slot_id, student_id) VALUES (false, 102, 4);
INSERT INTO schedule (reserve, slot_id, student_id) VALUES (false, 102, 5);
INSERT INTO schedule (reserve, slot_id, student_id) VALUES (false, 102, 6);
INSERT INTO schedule (reserve, slot_id, student_id) VALUES (false, 102, 7);
INSERT INTO schedule (reserve, slot_id, student_id) VALUES (false, 102, 8);
INSERT INTO schedule (reserve, slot_id, student_id) VALUES (false, 102, 9);
INSERT INTO schedule (reserve, slot_id, student_id) VALUES (false, 103, 3);
INSERT INTO schedule (reserve, slot_id, student_id) VALUES (false, 103, 4);
INSERT INTO schedule (reserve, slot_id, student_id) VALUES (false, 103, 5);
INSERT INTO schedule (reserve, slot_id, student_id) VALUES (false, 103, 6);
INSERT INTO schedule (reserve, slot_id, student_id) VALUES (false, 103, 7);
INSERT INTO schedule (reserve, slot_id, student_id) VALUES (false, 103, 8);
INSERT INTO schedule (reserve, slot_id, student_id) VALUES (false, 103, 9);
INSERT INTO schedule (reserve, slot_id, student_id) VALUES (false, 104, 3);
INSERT INTO schedule (reserve, slot_id, student_id) VALUES (false, 104, 4);
INSERT INTO schedule (reserve, slot_id, student_id) VALUES (false, 104, 5);
INSERT INTO schedule (reserve, slot_id, student_id) VALUES (false, 104, 6);
INSERT INTO schedule (reserve, slot_id, student_id) VALUES (false, 104, 7);
INSERT INTO schedule (reserve, slot_id, student_id) VALUES (false, 104, 8);
INSERT INTO schedule (reserve, slot_id, student_id) VALUES (false, 104, 9);
INSERT INTO schedule (reserve, slot_id, student_id) VALUES (false, 105, 3);
INSERT INTO schedule (reserve, slot_id, student_id) VALUES (false, 105, 4);
INSERT INTO schedule (reserve, slot_id, student_id) VALUES (false, 105, 5);
INSERT INTO schedule (reserve, slot_id, student_id) VALUES (false, 105, 6);
INSERT INTO schedule (reserve, slot_id, student_id) VALUES (false, 105, 7);
INSERT INTO schedule (reserve, slot_id, student_id) VALUES (false, 105, 8);
INSERT INTO schedule (reserve, slot_id, student_id) VALUES (false, 105, 9);


INSERT INTO resume (id, alias, content, description, name, type, student_id) VALUES ('919ad657-626b-41a0-9e0f-9f7b5031ba3c', 'CV_Animador', 86373, 'Para las personas que necesiten profesores de baile online', 'test_cv.pdf', 'text/html', 3);
INSERT INTO history (date_created, month, reservation_id, username, year) VALUES ('2021-03-13', 3, 1, 'test_student1', 2021);
INSERT INTO history (date_created, month, reservation_id, username, year) VALUES ('2021-03-13', 3, 1, 'test_student1', 2021);
INSERT INTO history (date_created, month, reservation_id, username, year) VALUES ('2021-04-13', 4, 1, 'test_student1', 2021);
INSERT INTO history (date_created, month, reservation_id, username, year) VALUES ('2021-05-13', 5, 1, 'test_student1', 2021);
INSERT INTO history (date_created, month, reservation_id, username, year) VALUES ('2021-06-13', 6, 1, 'test_student1', 2021);
INSERT INTO history (date_created, month, reservation_id, username, year) VALUES ('2021-08-13', 8, 1, 'test_student1', 2021);
INSERT INTO history (date_created, month, reservation_id, username, year) VALUES ('2021-09-13', 9, 1, 'test_student1', 2021);
INSERT INTO history (date_created, month, reservation_id, username, year) VALUES ('2021-09-13', 9, 1, 'test_student1', 2021);
INSERT INTO history (date_created, month, reservation_id, username, year) VALUES ('2021-10-13', 10, 1, 'test_student1', 2021);
INSERT INTO history (date_created, month, reservation_id, username, year) VALUES ('2021-11-13', 11, 1, 'test_student1', 2021);
INSERT INTO history (date_created, month, reservation_id, username, year) VALUES ('2021-12-13', 12, 1, 'test_student1', 2021);
INSERT INTO history (date_created, month, reservation_id, username, year) VALUES ('2021-12-13', 12, 1, 'test_student1', 2021);
INSERT INTO history (date_created, month, reservation_id, username, year) VALUES ('2021-12-13', 12, 1, 'test_student1', 2021);
INSERT INTO history (date_created, month, reservation_id, username, year) VALUES ('2021-12-13', 12, 1, 'test_student1', 2021);
INSERT INTO history (date_created, month, reservation_id, username, year) VALUES ('2021-12-13', 12, 1, 'test_student1', 2021);


INSERT INTO job_post (description, expiration, publication_date, requirements, start_date, title, type, year_salary, employer_id) VALUES ('86380', '2022-04-20', '2022-04-10', '86381', '2022-04-10', 'Ayudante de sala', 'temporary', 20000, 1);
INSERT INTO job_post (description, expiration, publication_date, requirements, start_date, title, type, year_salary, employer_id) VALUES ('86380', '2022-04-08', '2022-04-10', '86381', '2022-04-10', 'Profesor de danza', 'temporary', 17000, 1);
INSERT INTO job_post (description, expiration, publication_date, requirements, start_date, title, type, year_salary, employer_id) VALUES ('86380', '2022-04-20', '2022-04-10', '86381', '2022-04-10', 'Animador/a', 'temporary', 19000, 1);
INSERT INTO job_post (description, expiration, publication_date, requirements, start_date, title, type, year_salary, employer_id) VALUES ('86380', '2022-04-20', '2022-04-10', '86381', '2022-04-10', 'Profesor de Guitara', 'temporary', 19000, 1);
INSERT INTO job_post (description, expiration, publication_date, requirements, start_date, title, type, year_salary, employer_id) VALUES ('86380', '2022-04-20', '2022-04-10', '86381', '2022-04-10', 'Profesor de Ingles', 'temporary', 19000, 1);
INSERT INTO job_post (description, expiration, publication_date, requirements, start_date, title, type, year_salary, employer_id) VALUES ('86380', '2022-04-20', '2022-04-10', '86381', '2022-04-10', 'Practica Ayudante de sala', 'internship', 20000, 1);
INSERT INTO job_post (description, expiration, publication_date, requirements, start_date, title, type, year_salary, employer_id) VALUES ('86380', '2022-04-08', '2022-04-10', '86381', '2022-04-10', 'Practica Automoción', 'internship', 17000, 1);
INSERT INTO job_post (description, expiration, publication_date, requirements, start_date, title, type, year_salary, employer_id) VALUES ('86380', '2022-04-20', '2022-04-10', '86381', '2022-04-10', 'Practica Animador/a', 'internship', 19000, 1);
INSERT INTO job_post (description, expiration, publication_date, requirements, start_date, title, type, year_salary, employer_id) VALUES ('86380', '2022-04-20', '2022-04-10', '86381', '2022-04-10', 'Practica Profesor de Guitara', 'internship', 19000, 1);
INSERT INTO job_post (description, expiration, publication_date, requirements, start_date, title, type, year_salary, employer_id) VALUES ('86380', '2022-04-20', '2022-04-10', '86381', '2022-04-10', 'Practica Profesor de Danza', 'internship', 19000, 1);




INSERT INTO job_post_area (area_id, job_post_id) VALUES (1, 1);
INSERT INTO job_post_area (area_id, job_post_id) VALUES (4, 2);
INSERT INTO job_post_area (area_id, job_post_id) VALUES (2, 3);
INSERT INTO job_post_area (area_id, job_post_id) VALUES (3, 4);
INSERT INTO job_post_area (area_id, job_post_id) VALUES (6, 5);
INSERT INTO job_post_area (area_id, job_post_id) VALUES (1, 6);
INSERT INTO job_post_area (area_id, job_post_id) VALUES (14, 7);
INSERT INTO job_post_area (area_id, job_post_id) VALUES (2, 8);
INSERT INTO job_post_area (area_id, job_post_id) VALUES (3, 9);
INSERT INTO job_post_area (area_id, job_post_id) VALUES (4, 10);




INSERT INTO job_post_student (job_post_id, student_id) VALUES (1, 4);
INSERT INTO job_post_student (job_post_id, student_id) VALUES (1, 3);


INSERT INTO notification (color, created,icon, message, read, subject, destination_id, origin_id) VALUES ('green', '2022-02-05', 'arrow-up', 'some', false, 'alta', 3, 1);
INSERT INTO notification (color, created,icon, message, read, subject, destination_id, origin_id) VALUES ('green', '2022-02-05', 'check', 'some', false, 'confirmación', 3, 1);
INSERT INTO notification (color, created,icon, message, read, subject, destination_id, origin_id) VALUES ('red', '2022-02-05', 'arrow-down', 'some', false, 'baja', 3, 1);
INSERT INTO notification (color, created,icon, message, read, subject, destination_id, origin_id) VALUES ('orange', '2022-02-05', 'pen', 'some', false, 'modificación', 3, 1);
INSERT INTO notification (color, created,icon, message, read, subject, destination_id, origin_id) VALUES ('red', '2022-02-05', 'trash', 'some', false, 'cancelación', 3, 1);



INSERT INTO notification_slot (notification_id, slot_id) VALUES (1, 25);
INSERT INTO notification_slot (notification_id, slot_id) VALUES (1, 1);
INSERT INTO notification_slot (notification_id, slot_id) VALUES (2, 25);
INSERT INTO notification_slot (notification_id, slot_id) VALUES (2, 1);
INSERT INTO notification_slot (notification_id, slot_id) VALUES (3, 25);
INSERT INTO notification_slot (notification_id, slot_id) VALUES (3, 1);
INSERT INTO notification_slot (notification_id, slot_id) VALUES (4, 25);
INSERT INTO notification_slot (notification_id, slot_id) VALUES (4, 1);
INSERT INTO notification_slot (notification_id, slot_id) VALUES (5, 25);
INSERT INTO notification_slot (notification_id, slot_id) VALUES (5, 1);




INSERT INTO rating (comment, rate, reservation_id, student_id) VALUES (NULL, 5, 1, 3);
INSERT INTO rating (comment, rate, reservation_id, student_id) VALUES (NULL, 3, 1, 4);
INSERT INTO rating (comment, rate, reservation_id, student_id) VALUES (NULL, 4, 1, 5);
INSERT INTO rating (comment, rate, reservation_id, student_id) VALUES ( NULL, 5, 1, 6);
INSERT INTO rating (comment, rate, reservation_id, student_id) VALUES (NULL, 4, 1, 7);
INSERT INTO rating (comment, rate, reservation_id, student_id) VALUES (NULL, 3, 1, 8);
INSERT INTO rating (comment, rate, reservation_id, student_id) VALUES (NULL, 3, 1, 9);

